<?xml version="1.0" encoding="UTF-8" standalone="yes"?>
<addon id="plugin.ifttt.maker" name="IFTTT Maker for Kodi" version="0.0.1" provider-name="Jasper Ceelen">
  <requires>
    <import addon="xbmc.python"                     version="2.24.0" />
    <import addon="script.module.requests"          version="2.7.0"/>
  </requires>
  <extension point="xbmc.python.pluginsource" library="addon.py">
    <provides>executable</provides>
  </extension>
  <extension point="xbmc.addon.metadata">
    <summary lang="en_gb">Use IFTTT Maker with Kodi</summary>
    <description lang="en_gb">Add-on to enable Kodi users to send commands to IFTTT Maker channel</description>
    <disclaimer lang="en_gb"></disclaimer>
    <language>en</language>
    <platform>all</platform>
    <license></license>
    <forum></forum>
    <website></website>
    <email>ceelen@gmail.com</email>
    <source>http://github.com/jceelen/script.ifttt.maker</source>
    <news></news>
    <assets>
        <icon>icon.png</icon>
        <fanart>fanart.jpg</fanart>
        <screenshot></screenshot>
    </assets>
  </extension>
</addon>